{
    "architecture": "Money_former_MLA_DINT_cog_attn_MTP",
    "d_model": 64,
    "nhead": 4,
    "head_dim": 16,
    "qk_rope_dim": 4,
    "dropout": 0.1,
    "num_layers": 4,
    "d_ff": 64,
    "kv_compression_dim": 24,
    "q_compression_dim": 48,
    "lr": 1e-3,
    "warmup_steps": 1000,
    "t_0": 4000,
    "t_mult": 1.5,
    "lr_mult": 0.5,
    "seq_len": 16,
    "batch_size": 32,
    "t_total": 5000,
    "indices_to_predict": [1],
    "predict_gaussian": false,
    "input_features": 73,
    "tickers": ["AAPL"],
    "orthograd":false,
    "bias": true,
    "dtype":"fp32",
    "dataset":"Money",
    "type": "",
    "extra_descriptor":"",
    "experiment_notes": "all good global znorm features so far (vpt_chlo, ppo_chlov, clv, vix_chlo, copper_chlov) , ema's of chlov returns, global znorm volatility (ret, from c), returns, time data, bias, global znorm, sus in architecture (but it gives better results, so)",
    "folder_name": "post_causality_fix/tests/MTP_preds/3_base_ema_everything_AAPL/",
    "normalization_means":[
  [0.0011516725644469261],
  [0.0010776404524222016],
  [0.0011418251087889075],
  [0.001178727368824184],
  [0.06903453171253204],
  [0.01945292204618454],
  [0.02034408412873745],
  [0.020968837663531303],
  [0.021697133779525757],
  [0.0011555065866559744],
  [0.0011492313351482153],
  [0.0011383957462385297],
  [0.0011173851089552045],
  [0.0010741747682914138],
  [0.0010679716942831874],
  [0.0010578122455626726],
  [0.0010385095374658704],
  [0.001133468933403492],
  [0.0011251517571508884],
  [0.0011130340863019228],
  [0.0010914348531514406],
  [0.0011669829254969954],
  [0.0011595390969887376],
  [0.0011488072341307998],
  [0.0011293913703411818],
  [0.06920954585075378],
  [0.06928563863039017],
  [0.06935645639896393],
  [0.06933476775884628],
  [-1130425600.0],
  [-349921568.0],
  [-3006526720.0],
  [-1512318464.0],
  [0.0018009924096986651],
  [0.003464787034317851],
  [0.005655997432768345],
  [0.0018009587656706572],
  [0.003464524867013097],
  [0.0056417277082800865],
  [0.0018062826711684465],
  [0.0034763095900416374],
  [0.005679931025952101],
  [0.0018090896774083376],
  [0.0034824179019778967],
  [0.005674880463629961],
  [-0.009835018776357174],
  [-0.009373095817863941],
  [-0.012898284010589123],
  [0.040952786803245544],
  [19.389739990234375],
  [20.322107315063477],
  [18.68406105041504],
  [19.516159057617188],
  [2.486875295639038],
  [2.505117416381836],
  [2.465686321258545],
  [2.4862005710601807],
  [1226.7701416015625]],
  "normalization_stds":[
  [0.023999953642487526],
  [0.02096506953239441],
  [0.022893236950039864],
  [0.024767428636550903],
  [0.4760556221008301],
  [0.014402870088815689],
  [0.012886092998087406],
  [0.011864488013088703],
  [0.011400513350963593],
  [0.010607079602777958],
  [0.0075859185308218],
  [0.005499513354152441],
  [0.0036693427246063948],
  [0.010073043406009674],
  [0.00739352498203516],
  [0.005463857203722],
  [0.003707348369061947],
  [0.010676158592104912],
  [0.007701660972088575],
  [0.0056026349775493145],
  [0.003738138824701309],
  [0.010696939192712307],
  [0.007658927235752344],
  [0.005566481035202742],
  [0.0037151766009628773],
  [0.17433223128318787],
  [0.11224187910556793],
  [0.07476677745580673],
  [0.04701622575521469],
  [1488558464.0],
  [1770572544.0],
  [628343744.0],
  [1114683904.0],
  [0.017443830147385597],
  [0.02585446462035179],
  [0.04056951031088829],
  [0.01701677218079567],
  [0.025439264252781868],
  [0.039881631731987],
  [0.01764226332306862],
  [0.026067418977618217],
  [0.040928974747657776],
  [0.017229842022061348],
  [0.025641173124313354],
  [0.04026041924953461],
  [0.0906456783413887],
  [0.08582950383424759],
  [0.17199662327766418],
  [0.613041341304779],
  [8.576842308044434],
  [9.10467529296875],
  [8.119793891906738],
  [8.640555381774902],
  [1.0545789003372192],
  [1.0630675554275513],
  [1.0447438955307007],
  [1.0549495220184326],
  [5014.68505859375]]
}